run_id,params,best_epoch,best_val_score,own_test_acc,own_test_macro_f1,own_test_dos_sat,own_test_scan_sat,own_test_dos_loss,own_test_scan_loss,cross_acc,cross_macro_f1,cross_dos_sat,cross_scan_sat,cross_dos_loss,cross_scan_loss,final_score,runtime_seconds,status
bs524_lr0.001_ldos0.25_lscan0.25_pgd3_step0.001,"{'batch_size': 524, 'learning_rate': 0.001, 'lambda_dos': 0.25, 'lambda_scan': 0.25, 'pgd_steps': 3, 'pgd_step_size': 0.001}",1,3.4968971124708994,0.8457497160166604,0.8554416679651222,0.9501711677443895,0.9119944852941176,0.0196745951917517,0.013938035980305252,0.969114650961312,0.9626379567933397,0.16224881550889367,0.17250252237732172,5.055187280172858,0.6729455830029389,1.11229165048142,72.90418910980225,ok
bs524_lr0.001_ldos0.25_lscan0.25_pgd3_step0.01,"{'batch_size': 524, 'learning_rate': 0.001, 'lambda_dos': 0.25, 'lambda_scan': 0.25, 'pgd_steps': 3, 'pgd_step_size': 0.01}",9,3.6459643246565827,0.9010318061340401,0.9040511772946025,0.9528337771015595,0.9586397058823529,0.02651050032749517,0.01452664379030466,0.7757601159753444,0.7886853167557074,0.16212026608650187,0.17249928163558076,4.925056367501553,0.6636485142144427,0.9880872898561854,125.42838644981384,ok
bs524_lr0.001_ldos0.25_lscan0.25_pgd5_step0.001,"{'batch_size': 524, 'learning_rate': 0.001, 'lambda_dos': 0.25, 'lambda_scan': 0.25, 'pgd_steps': 5, 'pgd_step_size': 0.001}",2,3.491285525320462,0.8082165846270352,0.8303489586652121,0.9205020920502092,0.9919577205882353,0.04716300855529948,0.0005161886870422784,0.729963033939208,0.7598686532660578,0.15378507832872787,0.17282227556243074,5.110387383392724,0.41193844178949457,0.9266363454732407,92.3924207687378,ok
bs524_lr0.001_ldos0.25_lscan0.25_pgd5_step0.01,"{'batch_size': 524, 'learning_rate': 0.001, 'lambda_dos': 0.25, 'lambda_scan': 0.25, 'pgd_steps': 5, 'pgd_step_size': 0.01}",11,3.610615915458852,0.8742900416508899,0.8809219137985046,0.9612019779383796,0.9754136029411765,0.02463723361469485,0.004899507813046084,0.6366199495740585,0.6440115491862105,0.1769390978207092,0.1727272138046956,4.972784738287403,0.524571832386302,0.8640341505552016,173.2638349533081,ok
bs524_lr0.001_ldos0.25_lscan0.5_pgd3_step0.001,"{'batch_size': 524, 'learning_rate': 0.001, 'lambda_dos': 0.25, 'lambda_scan': 0.5, 'pgd_steps': 3, 'pgd_step_size': 0.001}",20,3.6719876316045568,0.9037296478606588,0.9076848057461863,0.9619627234689996,0.94921875,0.028879723244177702,0.017868735759025988,0.9210652534152016,0.9092783236081713,0.1632728898990401,0.17275746072761133,5.081107560904817,0.5304086458092011,1.093241628550015,164.30540204048157,ok
bs524_lr0.001_ldos0.25_lscan0.5_pgd3_step0.01,"{'batch_size': 524, 'learning_rate': 0.001, 'lambda_dos': 0.25, 'lambda_scan': 0.5, 'pgd_steps': 3, 'pgd_step_size': 0.01}",4,3.576020667593759,0.8614161302536918,0.8701101564452363,0.9456066945606695,0.9689797794117647,0.02788661529737627,0.006629551829331938,0.8491737188807774,0.8496085706759766,0.16207165496038733,0.17277366443631617,5.076666867772814,0.5587324998572623,1.025861658342007,92.30102205276489,ok
bs524_lr0.001_ldos0.25_lscan0.5_pgd5_step0.001,"{'batch_size': 524, 'learning_rate': 0.001, 'lambda_dos': 0.25, 'lambda_scan': 0.5, 'pgd_steps': 5, 'pgd_step_size': 0.001}",9,3.685232143081013,0.9027830367285119,0.9077521835320287,0.9593001141118296,0.9666819852941176,0.026574118774895798,0.006751294199870352,0.9361768321533432,0.9273952412934272,0.16084017309881884,0.17206286174779684,5.059942130390045,0.5104085091416539,1.1066577143448246,154.03603625297546,ok
bs524_lr0.001_ldos0.25_lscan0.5_pgd5_step0.01,"{'batch_size': 524, 'learning_rate': 0.001, 'lambda_dos': 0.25, 'lambda_scan': 0.5, 'pgd_steps': 5, 'pgd_step_size': 0.01}",1,3.4271381187794474,0.8231730405149564,0.8378759124964928,0.9402814758463294,0.8488051470588235,0.01925398190015167,0.017625869963975513,0.9726319359975111,0.9666529826843354,0.16139542018377165,0.17197860246253163,5.025515727012509,0.64330771519986,1.107325862743711,85.77941370010376,ok
bs524_lr0.001_ldos0.25_lscan0.75_pgd3_step0.001,"{'batch_size': 524, 'learning_rate': 0.001, 'lambda_dos': 0.25, 'lambda_scan': 0.75, 'pgd_steps': 3, 'pgd_step_size': 0.001}",1,3.4490987815257075,0.8209011737978038,0.8367141041038296,0.9338151388360594,0.9051011029411765,0.022908572395204274,0.011091725174885462,0.9591094009596917,0.9506148871327875,0.15707875218480005,0.17253492979473142,5.045444826129417,0.6333449593484436,1.094563319434628,72.94023489952087,ok
bs524_lr0.001_ldos0.25_lscan0.75_pgd3_step0.01,"{'batch_size': 524, 'learning_rate': 0.001, 'lambda_dos': 0.25, 'lambda_scan': 0.75, 'pgd_steps': 3, 'pgd_step_size': 0.01}",4,3.468619750552535,0.7901363120030291,0.8161457265630987,0.9532141498668696,0.9974724264705882,0.023524593903384492,7.520110675078981e-05,0.776125239544827,0.7844016674185982,0.16446116187072898,0.17277582493081017,5.054896651872243,0.4491957566567821,0.9462948132859728,93.41341590881348,ok
bs524_lr0.001_ldos0.25_lscan0.75_pgd5_step0.001,"{'batch_size': 524, 'learning_rate': 0.001, 'lambda_dos': 0.25, 'lambda_scan': 0.75, 'pgd_steps': 5, 'pgd_step_size': 0.001}",7,3.5430775304843563,0.8813422945853844,0.8848531471282334,0.9524534043362495,0.8609834558823529,0.03152218391887132,0.06336225760991082,0.9100391697651758,0.9025746620312723,0.16126038927789793,0.17251872608602656,5.066815760478262,0.5458077888354874,1.0775381702879123,136.56884241104126,ok
bs524_lr0.001_ldos0.25_lscan0.75_pgd5_step0.01,"{'batch_size': 524, 'learning_rate': 0.001, 'lambda_dos': 0.25, 'lambda_scan': 0.75, 'pgd_steps': 5, 'pgd_step_size': 0.01}",14,3.6242736542167293,0.8922283226050738,0.8963757310373145,0.9612019779383796,0.9448529411764706,0.01713162380599758,0.025918255881954205,0.7524127322261519,0.7456681129350397,0.16902736698375523,0.17274665825514143,4.942710256823582,0.575430255029869,0.9562786868638431,199.15313339233398,ok
bs524_lr0.001_ldos0.25_lscan1.0_pgd3_step0.001,"{'batch_size': 524, 'learning_rate': 0.001, 'lambda_dos': 0.25, 'lambda_scan': 1.0, 'pgd_steps': 3, 'pgd_step_size': 0.001}",1,3.4314847349219986,0.8337750851950019,0.840603724508696,0.9391403575503994,0.8812040441176471,0.02708847978895905,0.01195473799153286,0.9319638678900827,0.9207336465320272,0.15481671444960324,0.17248631866861688,5.049480881491463,0.6535485839269,1.0748317455737781,72.93942618370056,ok
bs524_lr0.001_ldos0.25_lscan1.0_pgd3_step0.01,"{'batch_size': 524, 'learning_rate': 0.001, 'lambda_dos': 0.25, 'lambda_scan': 1.0, 'pgd_steps': 3, 'pgd_step_size': 0.01}",19,3.633573815424131,0.8975293449450965,0.9018079016195162,0.9604412324077596,0.9462316176470589,0.026432443329389217,0.025048532235600492,0.7353361837457357,0.7593803393865711,0.16255884646877977,0.17274665825514143,5.0875316603016065,0.4843134854171739,0.9601584741299288,166.87051105499268,ok
bs524_lr0.001_ldos0.25_lscan1.0_pgd5_step0.001,"{'batch_size': 524, 'learning_rate': 0.001, 'lambda_dos': 0.25, 'lambda_scan': 1.0, 'pgd_steps': 5, 'pgd_step_size': 0.001}",2,3.5696977722856884,0.8865959863687997,0.8907069300269731,0.9395207303157094,0.87890625,0.03863372656273361,0.029778630691854394,0.914083615457906,0.9059374943696374,0.15718461641500506,0.17254573226720132,5.107245814819559,0.6021848567191358,1.082654415101345,92.05724120140076,ok
bs524_lr0.001_ldos0.25_lscan1.0_pgd5_step0.01,"{'batch_size': 524, 'learning_rate': 0.001, 'lambda_dos': 0.25, 'lambda_scan': 1.0, 'pgd_steps': 5, 'pgd_step_size': 0.01}",2,3.4200931713481078,0.8211378265808406,0.836382984669915,0.8623050589577786,0.9466911764705882,0.06932551224180028,0.005025257753646549,0.6242187111786146,0.6863353912133686,0.152915479294901,0.17254573226720132,5.1114551854633525,0.38734116538532903,0.8619374712104197,91.63671946525574,ok
bs524_lr0.001_ldos0.5_lscan0.25_pgd3_step0.001,"{'batch_size': 524, 'learning_rate': 0.001, 'lambda_dos': 0.5, 'lambda_scan': 0.25, 'pgd_steps': 3, 'pgd_step_size': 0.001}",13,3.6157695668515086,0.8958727754638395,0.8987731209094747,0.9547356409281096,0.9522058823529411,0.017633220822061136,0.011746733072761665,0.7853948411712472,0.7895405610598254,0.16345977267276934,0.17249063965760483,5.02724000011634,0.485060756897836,0.9893179121559497,148.5321867465973,ok
bs524_lr0.001_ldos0.5_lscan0.25_pgd3_step0.01,"{'batch_size': 524, 'learning_rate': 0.001, 'lambda_dos': 0.5, 'lambda_scan': 0.25, 'pgd_steps': 3, 'pgd_step_size': 0.01}",3,3.5757151219909664,0.8858860280196895,0.8901466490226997,0.9554963864587296,0.8846507352941176,0.032324157726089056,0.031298387302633596,0.9138481215580622,0.9048057613306857,0.16306332193312406,0.17254573226720132,5.093132442686208,0.543455560963377,1.0817638525412394,83.89301681518555,ok
bs524_lr0.001_ldos0.5_lscan0.25_pgd5_step0.001,"{'batch_size': 524, 'learning_rate': 0.001, 'lambda_dos': 0.5, 'lambda_scan': 0.25, 'pgd_steps': 5, 'pgd_step_size': 0.001}",17,3.645672908292557,0.9021677394926164,0.9046690984918349,0.9619627234689996,0.9244025735294118,0.020889359345314575,0.016977625049869802,0.7210736793437282,0.7236478857056644,0.16376656289091449,0.17248631866861688,5.024502802566836,0.5100189880956846,0.939513414252841,202.0638632774353,ok
bs524_lr0.001_ldos0.5_lscan0.25_pgd5_step0.01,"{'batch_size': 524, 'learning_rate': 0.001, 'lambda_dos': 0.5, 'lambda_scan': 0.25, 'pgd_steps': 5, 'pgd_step_size': 0.01}",13,3.653581223382421,0.8933169254070428,0.8984562927348164,0.9612019779383796,0.9545036764705882,0.02413932191822274,0.00672553398180753,0.9070522861272488,0.8975855858770475,0.16527350780046537,0.17271425083773173,4.990030080479389,0.6255037325566424,1.0792631224050702,183.35333514213562,ok
bs524_lr0.001_ldos0.5_lscan0.5_pgd3_step0.001,"{'batch_size': 524, 'learning_rate': 0.001, 'lambda_dos': 0.5, 'lambda_scan': 0.5, 'pgd_steps': 3, 'pgd_step_size': 0.001}",4,3.5375515402122772,0.8524706550549035,0.8634663571565658,0.9581589958158996,0.9496783088235294,0.024229640593860666,0.010926998001249397,0.8654314399479753,0.8514889277697496,0.17302212130312386,0.17277582493081017,5.022292705352234,0.633489986030138,1.0285612983115613,90.27161455154419,ok
bs524_lr0.001_ldos0.5_lscan0.5_pgd3_step0.01,"{'batch_size': 524, 'learning_rate': 0.001, 'lambda_dos': 0.5, 'lambda_scan': 0.5, 'pgd_steps': 3, 'pgd_step_size': 0.01}",11,3.5523667323042813,0.8490628549791746,0.8594233854782672,0.9596804868771396,0.9480698529411765,0.026390722333908805,0.02487691998591318,0.7065259896685153,0.7173423416784522,0.17254465201995434,0.17273693602991852,5.04285897232861,0.48440032891574003,0.912326215831269,135.74777245521545,ok
bs524_lr0.001_ldos0.5_lscan0.5_pgd5_step0.001,"{'batch_size': 524, 'learning_rate': 0.001, 'lambda_dos': 0.5, 'lambda_scan': 0.5, 'pgd_steps': 5, 'pgd_step_size': 0.001}",3,3.538985264762527,0.8767985611510791,0.8809833871009495,0.9600608596424496,0.8678768382352942,0.030596125189366562,0.06129516540643047,0.8856136992634874,0.8711552457924072,0.17373616473338419,0.1727272138046956,5.047841939552669,0.6839430271741767,1.0528181223256556,100.13127088546753,ok
bs524_lr0.001_ldos0.5_lscan0.5_pgd5_step0.01,"{'batch_size': 524, 'learning_rate': 0.001, 'lambda_dos': 0.5, 'lambda_scan': 0.5, 'pgd_steps': 5, 'pgd_step_size': 0.01}",7,3.591740715298209,0.8758519500189322,0.8792818906910179,0.9608216051730696,0.9437040441176471,0.025621187532750677,0.01712703951360548,0.6658935697202376,0.6661466628714741,0.18300360586531045,0.1727272138046956,4.957150184937476,0.52587430369929,0.8838681704937984,134.0870544910431,ok
bs524_lr0.001_ldos0.5_lscan0.75_pgd3_step0.001,"{'batch_size': 524, 'learning_rate': 0.001, 'lambda_dos': 0.5, 'lambda_scan': 0.75, 'pgd_steps': 3, 'pgd_step_size': 0.001}",1,3.3995324338548816,0.8163574403634987,0.8293562106564211,0.9551160136934196,0.8324908088235294,0.013233801174998148,0.01610199488042032,0.9229340811524942,0.9127275405530241,0.16398261234031244,0.17197860246253163,5.031510898442823,0.6371064444331003,1.0623867248262442,72.24253010749817,ok
bs524_lr0.001_ldos0.5_lscan0.75_pgd3_step0.01,"{'batch_size': 524, 'learning_rate': 0.001, 'lambda_dos': 0.5, 'lambda_scan': 0.75, 'pgd_steps': 3, 'pgd_step_size': 0.01}",9,3.6048344303843525,0.8844661113214691,0.8900635951160248,0.9448459490300495,0.9377297794117647,0.030913692660638252,0.01107127430355724,0.7408767718755469,0.7394200552420584,0.1609233521368371,0.1727272138046956,5.028805789530225,0.4573910390451414,0.9468790004711921,122.34108853340149,ok
bs524_lr0.001_ldos0.5_lscan0.75_pgd5_step0.001,"{'batch_size': 524, 'learning_rate': 0.001, 'lambda_dos': 0.5, 'lambda_scan': 0.75, 'pgd_steps': 5, 'pgd_step_size': 0.001}",19,3.6697235127583827,0.9053862173419159,0.9092824184024014,0.9596804868771396,0.9643841911764706,0.02921183328521528,0.016376236830290186,0.9328377879128975,0.9245781629373381,0.16320591456972672,0.17277366443631617,5.0837898314663645,0.5292254955995406,1.1050741449914019,201.7998309135437,ok
bs524_lr0.001_ldos0.5_lscan0.75_pgd5_step0.01,"{'batch_size': 524, 'learning_rate': 0.001, 'lambda_dos': 0.5, 'lambda_scan': 0.75, 'pgd_steps': 5, 'pgd_step_size': 0.01}",2,3.5303978254033117,0.8241669822037108,0.8420275369781428,0.9547356409281096,0.9903492647058824,0.03288626795533312,0.0005713729187846184,0.8979274376319252,0.8865684727027564,0.1655489708484478,0.17259434339331586,5.084817029254018,0.5515986887917722,1.0459013714773264,91.67467975616455,ok
bs524_lr0.001_ldos0.5_lscan1.0_pgd3_step0.001,"{'batch_size': 524, 'learning_rate': 0.001, 'lambda_dos': 0.5, 'lambda_scan': 1.0, 'pgd_steps': 3, 'pgd_step_size': 0.001}",1,3.428583765136558,0.8159787959106399,0.8305587168063892,0.9547356409281096,0.8816636029411765,0.014417012842402526,0.005967127529027707,0.9385242094210523,0.9279926895513196,0.15618106672255147,0.17248631866861688,5.044566105341376,0.6342724973626102,1.0748611101453813,70.7555148601532,ok
bs524_lr0.001_ldos0.5_lscan1.0_pgd3_step0.01,"{'batch_size': 524, 'learning_rate': 0.001, 'lambda_dos': 0.5, 'lambda_scan': 1.0, 'pgd_steps': 3, 'pgd_step_size': 0.01}",3,3.577787162982387,0.8548845134418781,0.8652045945342556,0.9589197413465196,0.9896599264705882,0.03197024178260086,0.0021796516923453003,0.8984038266678477,0.885908257847249,0.17448909706453614,0.17277582493081017,5.045171919543146,0.7003153510895208,1.0564930985192056,83.99529528617859,ok
bs524_lr0.001_ldos0.5_lscan1.0_pgd5_step0.001,"{'batch_size': 524, 'learning_rate': 0.001, 'lambda_dos': 0.5, 'lambda_scan': 1.0, 'pgd_steps': 5, 'pgd_step_size': 0.001}",1,3.313355218290601,0.7854032563422946,0.7987669374671665,0.9227843286420693,0.8853400735294118,0.019136430714782448,0.008425563299918877,0.9400700432314948,0.9297388776896609,0.1590934133004362,0.17248631866861688,5.045106270242953,0.6558284279867491,1.0637244905761711,83.49411749839783,ok
bs524_lr0.001_ldos0.5_lscan1.0_pgd5_step0.01,"{'batch_size': 524, 'learning_rate': 0.001, 'lambda_dos': 0.5, 'lambda_scan': 1.0, 'pgd_steps': 5, 'pgd_step_size': 0.01}",16,3.6335304120593386,0.8925596365013253,0.8979588713810146,0.9593001141118296,0.9510569852941176,0.027524641118787822,0.02006543117493172,0.7809042533655103,0.7927426765510219,0.16498076079653112,0.17274773850238842,5.079762995723225,0.4857182082857945,0.9887463158616321,202.52012038230896,ok
bs524_lr0.001_ldos0.75_lscan0.25_pgd3_step0.001,"{'batch_size': 524, 'learning_rate': 0.001, 'lambda_dos': 0.75, 'lambda_scan': 0.25, 'pgd_steps': 3, 'pgd_step_size': 0.001}",18,3.687500487722523,0.9037296478606588,0.9058954426858223,0.9596804868771396,0.9836856617647058,0.02865129521066311,0.004344898810171906,0.884596106356823,0.8745485099158349,0.1696636326122323,0.17268292366756904,5.01973141289997,0.6745460512096555,1.0645781049742606,160.06415677070618,ok
bs524_lr0.001_ldos0.75_lscan0.25_pgd3_step0.01,"{'batch_size': 524, 'learning_rate': 0.001, 'lambda_dos': 0.75, 'lambda_scan': 0.25, 'pgd_steps': 3, 'pgd_step_size': 0.01}",11,3.6717481196472774,0.8968667171525937,0.9017774007040912,0.9573982502852796,0.9689797794117647,0.02892791191041583,0.007350083406302421,0.9096621634759764,0.8990042018764345,0.16448600755740975,0.1727272138046956,5.032807088413054,0.663367506451292,1.082129573552347,139.86869144439697,ok
bs524_lr0.001_ldos0.75_lscan0.25_pgd5_step0.001,"{'batch_size': 524, 'learning_rate': 0.001, 'lambda_dos': 0.75, 'lambda_scan': 0.25, 'pgd_steps': 5, 'pgd_step_size': 0.001}",1,3.4239240736933945,0.845702385460053,0.8553800018341838,0.9486496766831495,0.7594209558823529,0.020831239772142227,0.025237546151723054,0.9455576992462035,0.9363335939400281,0.15790946231773528,0.17245391125120718,5.054125919578063,0.6058696272635092,1.0920505842027226,83.47235560417175,ok
bs524_lr0.001_ldos0.75_lscan0.25_pgd5_step0.01,"{'batch_size': 524, 'learning_rate': 0.001, 'lambda_dos': 0.75, 'lambda_scan': 0.25, 'pgd_steps': 5, 'pgd_step_size': 0.01}",1,3.4855790722238504,0.8512873911397199,0.8619644764626044,0.9444655762647395,0.8547794117647058,0.024497814122240277,0.018825648188152733,0.9605882594408208,0.9528386391404561,0.16304279723543125,0.1724495902622192,5.038889628304198,0.6686118418782451,1.107246170922939,86.09410905838013,ok
bs524_lr0.001_ldos0.75_lscan0.5_pgd3_step0.001,"{'batch_size': 524, 'learning_rate': 0.001, 'lambda_dos': 0.75, 'lambda_scan': 0.5, 'pgd_steps': 3, 'pgd_step_size': 0.001}",2,3.425277038929719,0.8591915940931465,0.85915808106683,0.8817040699885889,0.8607536764705882,0.061880133459440156,0.03792514608186834,0.9123606210989571,0.9032198096441499,0.1533767448693657,0.17254573226720132,5.1106959832801575,0.6239169088888821,1.0689880261837574,79.47242975234985,ok
bs524_lr0.001_ldos0.75_lscan0.5_pgd3_step0.01,"{'batch_size': 524, 'learning_rate': 0.001, 'lambda_dos': 0.75, 'lambda_scan': 0.5, 'pgd_steps': 3, 'pgd_step_size': 0.01}",8,3.6215176797340956,0.894026883756153,0.8953199642696982,0.9596804868771396,0.9457720588235294,0.02593344032832451,0.01747881047263303,0.7031059268845453,0.7393887079178049,0.17038307727872756,0.17249928163558076,4.831157973262173,0.6539176491647526,0.9384955016294362,116.48953652381897,ok
bs524_lr0.001_ldos0.75_lscan0.5_pgd5_step0.001,"{'batch_size': 524, 'learning_rate': 0.001, 'lambda_dos': 0.75, 'lambda_scan': 0.5, 'pgd_steps': 5, 'pgd_step_size': 0.001}",1,3.3131260358295345,0.7952953426732299,0.810961699913089,0.9322936477748194,0.7814797794117647,0.022738131632501973,0.015168627628180035,0.9593038454641498,0.9507852186941473,0.15174881226815193,0.17197860246253163,5.045947552912255,0.6235852317642399,1.0844351715035825,86.3458023071289,ok
bs524_lr0.001_ldos0.75_lscan0.5_pgd5_step0.01,"{'batch_size': 524, 'learning_rate': 0.001, 'lambda_dos': 0.75, 'lambda_scan': 0.5, 'pgd_steps': 5, 'pgd_step_size': 0.01}",16,3.6082093258889234,0.885270730783794,0.8899187112841934,0.9505515405096995,0.9361213235294118,0.03228022014745609,0.027836838093421915,0.7621511611577658,0.757049168866374,0.16043832112293863,0.17271425083773173,4.953957671069476,0.531725748944517,0.9622078211941142,203.05191826820374,ok
bs524_lr0.001_ldos0.75_lscan0.75_pgd3_step0.001,"{'batch_size': 524, 'learning_rate': 0.001, 'lambda_dos': 0.75, 'lambda_scan': 0.75, 'pgd_steps': 3, 'pgd_step_size': 0.001}",1,3.4303755117292694,0.811056418023476,0.828792266266117,0.9353366298972994,0.9133731617647058,0.02345853895459079,0.006366588024641661,0.9571120238000074,0.9492697901847255,0.15847659212240497,0.17248631866861688,5.057956823661484,0.6259592622386223,1.0897382390902834,72.66369462013245,ok
bs524_lr0.001_ldos0.75_lscan0.75_pgd3_step0.01,"{'batch_size': 524, 'learning_rate': 0.001, 'lambda_dos': 0.75, 'lambda_scan': 0.75, 'pgd_steps': 3, 'pgd_step_size': 0.01}",10,3.5158788374409093,0.8652972358954941,0.8656578734601003,0.9501711677443895,0.9214154411764706,0.030900513890035345,0.025737677180372617,0.8970481163728754,0.8891384795693783,0.16816857042239827,0.17248631866861688,4.9999031291022265,0.5605918980694914,1.0598746965676706,129.96613383293152,ok
bs524_lr0.001_ldos0.75_lscan0.75_pgd5_step0.001,"{'batch_size': 524, 'learning_rate': 0.001, 'lambda_dos': 0.75, 'lambda_scan': 0.75, 'pgd_steps': 5, 'pgd_step_size': 0.001}",10,3.6239703705663566,0.8873532752745172,0.8935588382083625,0.9551160136934196,0.9510569852941176,0.026200160933973763,0.009770277647904176,0.655156992332405,0.6601828613122032,0.16373631596799876,0.17249928163558076,4.904828292820152,0.5823523867831514,0.882820951052399,164.40598130226135,ok
bs524_lr0.001_ldos0.75_lscan0.75_pgd5_step0.01,"{'batch_size': 524, 'learning_rate': 0.001, 'lambda_dos': 0.75, 'lambda_scan': 0.75, 'pgd_steps': 5, 'pgd_step_size': 0.01}",1,3.4269054453381163,0.8221317682695949,0.8369390097965108,0.9543552681627996,0.8412224264705882,0.01459804561574362,0.015756116508889723,0.8465757242517667,0.8334006239310097,0.1643185692341263,0.17202721358864617,4.999089798965865,0.6157477839220099,1.002487184854256,83.76501321792603,ok
bs524_lr0.001_ldos0.75_lscan1.0_pgd3_step0.001,"{'batch_size': 524, 'learning_rate': 0.001, 'lambda_dos': 0.75, 'lambda_scan': 1.0, 'pgd_steps': 3, 'pgd_step_size': 0.001}",1,3.5046246789850715,0.8522340022718667,0.8628062802917613,0.9516926588056295,0.8791360294117647,0.014984058592427407,0.013878626844790928,0.917295190523207,0.9070162545061592,0.16010128398187778,0.17197860246253163,5.039461121726137,0.6202755628575072,1.0717047409227674,73.58042883872986,ok
bs524_lr0.001_ldos0.75_lscan1.0_pgd3_step0.01,"{'batch_size': 524, 'learning_rate': 0.001, 'lambda_dos': 0.75, 'lambda_scan': 1.0, 'pgd_steps': 3, 'pgd_step_size': 0.01}",1,3.365540013810017,0.8152215070049224,0.8302207204748774,0.9319132750095093,0.765625,0.02861461615825434,0.018402673427344245,0.8970362336531585,0.8828146568521458,0.1630384762464433,0.17197860246253163,5.019148351336782,0.6115762136564898,1.0396066440179803,72.97278189659119,ok
bs524_lr0.001_ldos0.75_lscan1.0_pgd5_step0.001,"{'batch_size': 524, 'learning_rate': 0.001, 'lambda_dos': 0.75, 'lambda_scan': 1.0, 'pgd_steps': 5, 'pgd_step_size': 0.001}",7,3.6078054057566673,0.8907137447936387,0.8923123869227062,0.9593001141118296,0.9324448529411765,0.02152607950161237,0.026680011480279705,0.7081409593027652,0.7238882320096204,0.17327922014790745,0.17252952855849646,4.902026849208929,0.6622592920578637,0.9309916301389086,135.76557660102844,ok
bs524_lr0.001_ldos0.75_lscan1.0_pgd5_step0.01,"{'batch_size': 524, 'learning_rate': 0.001, 'lambda_dos': 0.75, 'lambda_scan': 1.0, 'pgd_steps': 5, 'pgd_step_size': 0.01}",7,3.590576045919059,0.8858386974630822,0.8891535399769634,0.9383796120197794,0.9549632352941176,0.032744856967178756,0.011400514542508651,0.7239471370207213,0.7523837145064839,0.1679946506156329,0.17252844831124947,4.855968499870271,0.6414006709969816,0.9483744458474676,138.15678930282593,ok
bs524_lr0.001_ldos1.0_lscan0.25_pgd3_step0.001,"{'batch_size': 524, 'learning_rate': 0.001, 'lambda_dos': 1.0, 'lambda_scan': 0.25, 'pgd_steps': 3, 'pgd_step_size': 0.001}",11,3.6227377609750517,0.8959201060204468,0.8991094478739812,0.9566375047546596,0.9145220588235294,0.030837367586692324,0.043726108968257904,0.9324002877778665,0.9227641992887499,0.16221964883322496,0.17248739891586387,5.05980519852834,0.6942421778355847,1.1001080967566206,137.73194885253906,ok
bs524_lr0.001_ldos1.0_lscan0.25_pgd3_step0.01,"{'batch_size': 524, 'learning_rate': 0.001, 'lambda_dos': 1.0, 'lambda_scan': 0.25, 'pgd_steps': 3, 'pgd_step_size': 0.01}",15,3.601094820787318,0.8721128360469519,0.8767354762986526,0.9627234689996196,0.9533547794117647,0.026913269543747523,0.01848701823858873,0.8764229556860974,0.8699660833980755,0.1691494349226651,0.17248955941035785,4.989164858562762,0.6261552424095433,1.0476795908739878,164.05666089057922,ok
bs524_lr0.001_ldos1.0_lscan0.25_pgd5_step0.001,"{'batch_size': 524, 'learning_rate': 0.001, 'lambda_dos': 1.0, 'lambda_scan': 0.25, 'pgd_steps': 5, 'pgd_step_size': 0.001}",3,3.5300321536514487,0.8743373722074972,0.8764301311585411,0.9494104222137695,0.8897058823529411,0.03577886638010169,0.029013519928626278,0.9420328524792755,0.9331681587743023,0.16203816729573065,0.1725154853442856,5.0982247549440105,0.6542760838699365,1.0993474358041415,103.76514530181885,ok
bs524_lr0.001_ldos1.0_lscan0.25_pgd5_step0.01,"{'batch_size': 524, 'learning_rate': 0.001, 'lambda_dos': 1.0, 'lambda_scan': 0.25, 'pgd_steps': 5, 'pgd_step_size': 0.01}",11,3.536930224885355,0.8504827716773949,0.8603175767041478,0.9288702928870293,0.9871323529411765,0.037972378318143825,0.0044152657912277125,0.9040027481489964,0.8943537047778561,0.16562566840298407,0.17277582493081017,5.031862383487863,0.6641661113495869,1.0605377465099355,171.53905081748962,ok
bs524_lr0.001_ldos1.0_lscan0.5_pgd3_step0.001,"{'batch_size': 524, 'learning_rate': 0.001, 'lambda_dos': 1.0, 'lambda_scan': 0.5, 'pgd_steps': 3, 'pgd_step_size': 0.001}",8,3.580587906767264,0.8568723968193867,0.8676958458785057,0.9494104222137695,0.9774816176470589,0.03177397094239024,0.005724600119077984,0.6758145604365927,0.685459390179076,0.16445143964550607,0.17276718295283425,5.025657285207262,0.4712137149266858,0.8903877117600943,119.52984714508057,ok
bs524_lr0.001_ldos1.0_lscan0.5_pgd3_step0.01,"{'batch_size': 524, 'learning_rate': 0.001, 'lambda_dos': 1.0, 'lambda_scan': 0.5, 'pgd_steps': 3, 'pgd_step_size': 0.01}",1,3.409595015865831,0.7978511927300265,0.8124860956374323,0.9539748953974896,0.9368106617647058,0.013008303416006553,0.004281467538984383,0.9083345396094258,0.898187633986495,0.16376656289091449,0.17253492979473142,5.033328677966717,0.6286439091634171,1.043661636549567,73.2250611782074,ok
bs524_lr0.001_ldos1.0_lscan0.5_pgd5_step0.001,"{'batch_size': 524, 'learning_rate': 0.001, 'lambda_dos': 1.0, 'lambda_scan': 0.5, 'pgd_steps': 5, 'pgd_step_size': 0.001}",17,3.694238809966175,0.9085573646346081,0.911830459816418,0.9551160136934196,0.9774816176470589,0.020410615144550413,0.00854148100102868,0.7694007004323149,0.7667821881944884,0.16262474155084616,0.17275746072761133,5.010996893451878,0.5388693429314081,0.978288869117144,201.77927827835083,ok
bs524_lr0.001_ldos1.0_lscan0.5_pgd5_step0.01,"{'batch_size': 524, 'learning_rate': 0.001, 'lambda_dos': 1.0, 'lambda_scan': 0.5, 'pgd_steps': 5, 'pgd_step_size': 0.01}",16,3.653044761171889,0.8968667171525937,0.9015058143875972,0.9600608596424496,0.9593290441176471,0.025143325770930584,0.01160876268027898,0.9114002812963831,0.9019168559504033,0.16594650183534007,0.1727272138046956,5.013687069596681,0.6421083884027431,1.0840530186721549,201.37177729606628,ok
bs524_lr0.001_ldos1.0_lscan0.75_pgd3_step0.001,"{'batch_size': 524, 'learning_rate': 0.001, 'lambda_dos': 1.0, 'lambda_scan': 0.75, 'pgd_steps': 3, 'pgd_step_size': 0.001}",4,3.434428887859136,0.7906096175691026,0.809666467359048,0.9391403575503994,1.0,0.03239583291223903,0.0,0.8973170979373759,0.8835279499010245,0.1656008227163033,0.17278986814502104,5.058031910163763,0.5826334020619304,1.031014321317355,90.42411303520203,ok
bs524_lr0.001_ldos1.0_lscan0.75_pgd3_step0.01,"{'batch_size': 524, 'learning_rate': 0.001, 'lambda_dos': 1.0, 'lambda_scan': 0.75, 'pgd_steps': 3, 'pgd_step_size': 0.01}",2,3.512290809354763,0.8723021582733813,0.8734476697758741,0.9573982502852796,0.8540900735294118,0.03241938756146146,0.02611738661139765,0.9160485852001806,0.9037775687621395,0.166275977245672,0.17254573226720132,5.08122039072711,0.6290298147532872,1.075853325550975,78.31291246414185,ok
bs524_lr0.001_ldos1.0_lscan0.75_pgd5_step0.001,"{'batch_size': 524, 'learning_rate': 0.001, 'lambda_dos': 1.0, 'lambda_scan': 0.75, 'pgd_steps': 5, 'pgd_step_size': 0.001}",1,3.485430238816962,0.8464596743657705,0.8559643466041041,0.9456066945606695,0.8940716911764706,0.014181119956277358,0.0171455198981087,0.9007004323149482,0.8917191563510887,0.1567752027083959,0.17197860246253163,5.014485249959937,0.6676170820140819,1.0565545120640039,83.8179976940155,ok
bs524_lr0.001_ldos1.0_lscan0.75_pgd5_step0.01,"{'batch_size': 524, 'learning_rate': 0.001, 'lambda_dos': 1.0, 'lambda_scan': 0.75, 'pgd_steps': 5, 'pgd_step_size': 0.01}",1,3.483527237546403,0.8205225293449451,0.8375152211993718,0.9478889311525295,0.9427849264705882,0.018432002901441473,0.0037429527626098957,0.871234528158805,0.8567497862293593,0.167772119682753,0.17253492979473142,5.015955452859368,0.6121292448883543,1.0213528016711846,83.98112392425537,ok
bs524_lr0.001_ldos1.0_lscan1.0_pgd3_step0.001,"{'batch_size': 524, 'learning_rate': 0.001, 'lambda_dos': 1.0, 'lambda_scan': 1.0, 'pgd_steps': 3, 'pgd_step_size': 0.001}",5,3.5474551453346783,0.8758046194623249,0.8786065078087207,0.9109927729174591,0.9499080882352942,0.03828106610300696,0.015183117473497987,0.8943258933104609,0.8844212582723924,0.16232335256893599,0.1727596212221053,5.027644705174651,0.5458468576456779,1.0613906225835434,96.47870922088623,ok
bs524_lr0.001_ldos1.0_lscan1.0_pgd3_step0.01,"{'batch_size': 524, 'learning_rate': 0.001, 'lambda_dos': 1.0, 'lambda_scan': 1.0, 'pgd_steps': 3, 'pgd_step_size': 0.01}",1,3.4534612781961616,0.8208538432411965,0.8367679234058244,0.9421833396728794,0.8986672794117647,0.018012719242325205,0.007294711410341894,0.9052752794059504,0.8919112840352025,0.16543554488751386,0.17197860246253163,5.036315453170838,0.6170654885321117,1.0490625791687906,71.63275837898254,ok
bs524_lr0.001_ldos1.0_lscan1.0_pgd5_step0.001,"{'batch_size': 524, 'learning_rate': 0.001, 'lambda_dos': 1.0, 'lambda_scan': 1.0, 'pgd_steps': 5, 'pgd_step_size': 0.001}",11,3.624021166777011,0.8900984475577433,0.8950811797051861,0.9471281856219095,0.9425551470588235,0.03441314508634722,0.021834712434450492,0.7624849575570857,0.7623988808697592,0.15984634563158817,0.17271749157947272,5.05532213874032,0.5074444697494396,0.9669808531545911,167.15255093574524,ok
bs524_lr0.001_ldos1.0_lscan1.0_pgd5_step0.01,"{'batch_size': 524, 'learning_rate': 0.001, 'lambda_dos': 1.0, 'lambda_scan': 1.0, 'pgd_steps': 5, 'pgd_step_size': 0.01}",17,3.6722807061571077,0.9024990533888678,0.9056018534582014,0.9612019779383796,0.9666819852941176,0.028796251530246435,0.018480896347147578,0.91238114579665,0.9029497389773918,0.16789634811615683,0.17254573226720132,5.032306591151882,0.6679798114015103,1.086809394597105,201.03337907791138,ok
bs524_lr0.0005_ldos0.25_lscan0.25_pgd3_step0.001,"{'batch_size': 524, 'learning_rate': 0.0005, 'lambda_dos': 0.25, 'lambda_scan': 0.25, 'pgd_steps': 3, 'pgd_step_size': 0.001}",2,3.529366823564668,0.8426258992805755,0.8562739085659506,0.9593001141118296,0.9319852941176471,0.016545854205639022,0.007631665602435961,0.9165400976975611,0.9060465068021536,0.16310977256474463,0.17253492979473142,5.043384368824185,0.6726450882149687,1.0677652442796504,78.10921311378479,ok
bs524_lr0.0005_ldos0.25_lscan0.25_pgd3_step0.01,"{'batch_size': 524, 'learning_rate': 0.0005, 'lambda_dos': 0.25, 'lambda_scan': 0.25, 'pgd_steps': 3, 'pgd_step_size': 0.01}",6,3.563623939077897,0.8461283604695191,0.8590321154784423,0.9543552681627996,0.9848345588235294,0.032151046589147275,0.0007214381167774691,0.8855294399782222,0.8788866327739129,0.16182211784633266,0.17254573226720132,5.091579342431932,0.5782582733699009,1.0461342435700154,106.18898439407349,ok
bs524_lr0.0005_ldos0.25_lscan0.25_pgd5_step0.001,"{'batch_size': 524, 'learning_rate': 0.0005, 'lambda_dos': 0.25, 'lambda_scan': 0.25, 'pgd_steps': 5, 'pgd_step_size': 0.001}",5,3.583700719300129,0.8557837940174177,0.8666893803286632,0.9604412324077596,0.9898897058823529,0.027804432837126053,0.0014650490039083012,0.9007079940456771,0.8869325522783421,0.16715745899921575,0.1727628619638463,5.068454904958073,0.6002718082961805,1.0581733092220902,117.23019409179688,ok
bs524_lr0.0005_ldos0.25_lscan0.25_pgd5_step0.01,"{'batch_size': 524, 'learning_rate': 0.0005, 'lambda_dos': 0.25, 'lambda_scan': 0.25, 'pgd_steps': 5, 'pgd_step_size': 0.01}",4,3.593958589794454,0.8814842862552064,0.8883543173870757,0.9478889311525295,0.9225643382352942,0.035951875311741585,0.014436039922978072,0.6605279816444388,0.7088893925567782,0.15899078981197218,0.17277366443631617,5.101309339663026,0.38237435162468164,0.9065708115001772,109.9646418094635,ok
bs524_lr0.0005_ldos0.25_lscan0.5_pgd3_step0.001,"{'batch_size': 524, 'learning_rate': 0.0005, 'lambda_dos': 0.25, 'lambda_scan': 0.5, 'pgd_steps': 3, 'pgd_step_size': 0.001}",18,3.702708205728744,0.9057648617947747,0.9104316605137236,0.9520730315709395,0.9806985294117647,0.031229055938996393,0.002458745161728824,0.7557355727578928,0.7783609304791256,0.15885359841160446,0.17275746072761133,5.093295775297884,0.4742560237487065,0.9791404415286302,160.76628518104553,ok
bs524_lr0.0005_ldos0.25_lscan0.5_pgd3_step0.01,"{'batch_size': 524, 'learning_rate': 0.0005, 'lambda_dos': 0.25, 'lambda_scan': 0.5, 'pgd_steps': 3, 'pgd_step_size': 0.01}",2,3.491087533235808,0.8243089738735327,0.8409547025855769,0.9554963864587296,0.9395680147058824,0.020337690199314754,0.0057944196605068795,0.9225030625009453,0.9122611995662911,0.16544742760723075,0.1725478927616953,5.025974280169665,0.6593640021650933,1.065934253825251,78.45444869995117,ok
bs524_lr0.0005_ldos0.25_lscan0.5_pgd5_step0.001,"{'batch_size': 524, 'learning_rate': 0.0005, 'lambda_dos': 0.25, 'lambda_scan': 0.5, 'pgd_steps': 5, 'pgd_step_size': 0.001}",3,3.5263425841237446,0.855973116243847,0.8671403647334109,0.9368581209585394,0.9087775735294118,0.03395555084220535,0.011574034428443103,0.9234212726608866,0.9133825635698981,0.16220128463002612,0.17252952855849646,5.09183912223185,0.6356702770740353,1.0783403597786665,100.39371395111084,ok
bs524_lr0.0005_ldos0.25_lscan0.5_pgd5_step0.01,"{'batch_size': 524, 'learning_rate': 0.0005, 'lambda_dos': 0.25, 'lambda_scan': 0.5, 'pgd_steps': 5, 'pgd_step_size': 0.01}",2,3.5345927871837315,0.8576770162817114,0.8693040505879419,0.9547356409281096,0.9076286764705882,0.02311762251433151,0.010565739083925592,0.9776540054487671,0.9725350132556659,0.15987659255450387,0.17248847916311086,5.074429123754643,0.6847246232376957,1.1249599216363937,92.02642488479614,ok
bs524_lr0.0005_ldos0.25_lscan0.75_pgd3_step0.001,"{'batch_size': 524, 'learning_rate': 0.0005, 'lambda_dos': 0.25, 'lambda_scan': 0.75, 'pgd_steps': 3, 'pgd_step_size': 0.001}",6,3.5160449861556318,0.872396819386596,0.8758864054896064,0.9589197413465196,0.8591452205882353,0.03241502622000026,0.06026258974281304,0.9018843832976492,0.8877676039555147,0.17040576247091435,0.17249928163558076,5.064378756918107,0.6769653469444581,1.0641057619422927,103.53253269195557,ok
bs524_lr0.0005_ldos0.25_lscan0.75_pgd3_step0.01,"{'batch_size': 524, 'learning_rate': 0.0005, 'lambda_dos': 0.25, 'lambda_scan': 0.75, 'pgd_steps': 3, 'pgd_step_size': 0.01}",3,3.506602449442238,0.8725861416130254,0.8740200860634427,0.9566375047546596,0.8334099264705882,0.03112354245463357,0.03187655786271481,0.919220191117343,0.9063779923628678,0.1603648643101433,0.17254573226720132,5.084929975455261,0.623106709860741,1.0782762990519306,83.46871042251587,ok
bs524_lr0.0005_ldos0.25_lscan0.75_pgd5_step0.001,"{'batch_size': 524, 'learning_rate': 0.0005, 'lambda_dos': 0.25, 'lambda_scan': 0.75, 'pgd_steps': 5, 'pgd_step_size': 0.001}",4,3.5363188314235385,0.8345323741007195,0.8529021100922889,0.9570178775199696,0.9646139705882353,0.030922688835698327,0.0035703374648138005,0.5830818157659925,0.6559905132370474,0.1623309142996649,0.17277366443631617,5.097378917699379,0.35800342084317655,0.8404066981869232,107.69544529914856,ok
bs524_lr0.0005_ldos0.25_lscan0.75_pgd5_step0.01,"{'batch_size': 524, 'learning_rate': 0.0005, 'lambda_dos': 0.25, 'lambda_scan': 0.75, 'pgd_steps': 5, 'pgd_step_size': 0.01}",18,3.655720501781323,0.8948315032184778,0.9002592953068252,0.9593001141118296,0.9639246323529411,0.025071323870161543,0.019324011265245432,0.7589114996640431,0.7763702846666815,0.16308492687806386,0.17254573226720132,5.071887780281032,0.47915715320375335,0.9748767519376142,201.10319757461548,ok
bs524_lr0.0005_ldos0.25_lscan1.0_pgd3_step0.001,"{'batch_size': 524, 'learning_rate': 0.0005, 'lambda_dos': 0.25, 'lambda_scan': 1.0, 'pgd_steps': 3, 'pgd_step_size': 0.001}",7,3.567750821891847,0.884182127981825,0.8883434761607846,0.9471281856219095,0.8995863970588235,0.0366493959012436,0.0487491703208755,0.7462661253907794,0.7733400663728486,0.16164063630883838,0.17252952855849646,5.0947611200858285,0.45319167113336434,0.9650549916321801,110.6134865283966,ok
bs524_lr0.0005_ldos0.25_lscan1.0_pgd3_step0.01,"{'batch_size': 524, 'learning_rate': 0.0005, 'lambda_dos': 0.25, 'lambda_scan': 1.0, 'pgd_steps': 3, 'pgd_step_size': 0.01}",3,3.5565238482612243,0.8595702385460053,0.8713443808105108,0.9551160136934196,0.9285386029411765,0.03235727739043905,0.006547048934461439,0.9322198864876193,0.9242193985404584,0.1607505125773187,0.17254573226720132,5.101958265506489,0.6119208014402577,1.087958589087818,83.90183067321777,ok
bs524_lr0.0005_ldos0.25_lscan1.0_pgd5_step0.001,"{'batch_size': 524, 'learning_rate': 0.0005, 'lambda_dos': 0.25, 'lambda_scan': 1.0, 'pgd_steps': 5, 'pgd_step_size': 0.001}",3,3.5367429928177785,0.856919727375994,0.8687851081403268,0.9509319132750095,0.8979779411764706,0.03146196495402943,0.012635482160155387,0.9319422629451429,0.9223373072169743,0.16000622222414265,0.17252952855849646,5.092457970902028,0.6406044647349247,1.0858922995952942,100.86938691139221,ok
bs524_lr0.0005_ldos0.25_lscan1.0_pgd5_step0.01,"{'batch_size': 524, 'learning_rate': 0.0005, 'lambda_dos': 0.25, 'lambda_scan': 1.0, 'pgd_steps': 5, 'pgd_step_size': 0.01}",2,3.489028047991045,0.8229363877319197,0.8395876675140025,0.9585393685812096,0.9301470588235294,0.02171306008846418,0.006681080715840354,0.8963394741788501,0.8819372671047162,0.1638616246486496,0.1725370902892254,5.037949982716297,0.6372771110217097,1.0423752868551976,91.8533227443695,ok
bs524_lr0.0005_ldos0.5_lscan0.25_pgd3_step0.001,"{'batch_size': 524, 'learning_rate': 0.0005, 'lambda_dos': 0.5, 'lambda_scan': 0.25, 'pgd_steps': 3, 'pgd_step_size': 0.001}",3,3.590738066819475,0.8911397198031049,0.8962951072953907,0.9535945226321796,0.8697150735294118,0.03258233865706718,0.021363459048135316,0.9417908770959498,0.9328365641488082,0.15967782706105774,0.17252952855849646,5.097414145516056,0.6573205865822541,1.1064425106228883,84.47998547554016,ok
bs524_lr0.0005_ldos0.5_lscan0.25_pgd3_step0.01,"{'batch_size': 524, 'learning_rate': 0.0005, 'lambda_dos': 0.5, 'lambda_scan': 0.25, 'pgd_steps': 3, 'pgd_step_size': 0.01}",3,3.544675071902651,0.8769405528209012,0.8787050363878463,0.9490300494484595,0.9044117647058824,0.03507668965667225,0.01632277073119493,0.9401218950993503,0.9315402702636012,0.1593613146176897,0.17254573226720132,5.103714319477788,0.6136385991116609,1.0989358215033551,84.06585717201233,ok
bs524_lr0.0005_ldos0.5_lscan0.25_pgd5_step0.001,"{'batch_size': 524, 'learning_rate': 0.0005, 'lambda_dos': 0.5, 'lambda_scan': 0.25, 'pgd_steps': 5, 'pgd_step_size': 0.001}",3,3.493989057213349,0.8640666414237032,0.8727920656007767,0.9440852034994295,0.8421415441176471,0.037271847399344867,0.028708715293118182,0.9325958125295718,0.9237330594078808,0.15682165334001646,0.17252952855849646,5.107682933875189,0.6293137238241323,1.0890170148677079,100.28028225898743,ok
bs524_lr0.0005_ldos0.5_lscan0.25_pgd5_step0.01,"{'batch_size': 524, 'learning_rate': 0.0005, 'lambda_dos': 0.5, 'lambda_scan': 0.25, 'pgd_steps': 5, 'pgd_step_size': 0.01}",5,3.593346294795555,0.884182127981825,0.8878543018545931,0.9619627234689996,0.9221047794117647,0.026740284395018382,0.018506821101147902,0.8660320574173017,0.8520996925362878,0.17682783235426924,0.1727272138046956,5.03373858780788,0.6384508666426513,1.0402667494606181,117.22737002372742,ok
bs524_lr0.0005_ldos0.5_lscan0.5_pgd3_step0.001,"{'batch_size': 524, 'learning_rate': 0.0005, 'lambda_dos': 0.5, 'lambda_scan': 0.5, 'pgd_steps': 3, 'pgd_step_size': 0.001}",3,3.502526098176896,0.8759939416887542,0.8777632661609537,0.9433244579688095,0.8304227941176471,0.03602627875370506,0.029785789919140583,0.9783453636868407,0.9729686172954115,0.15474217738956092,0.17248631866861688,5.103188255030734,0.6961947107234862,1.1307393593236994,84.19058418273926,ok
bs524_lr0.0005_ldos0.5_lscan0.5_pgd3_step0.01,"{'batch_size': 524, 'learning_rate': 0.0005, 'lambda_dos': 0.5, 'lambda_scan': 0.5, 'pgd_steps': 3, 'pgd_step_size': 0.01}",19,3.663771577089379,0.8965354032563423,0.9016098592490832,0.9516926588056295,0.9738051470588235,0.028931691692826774,0.009328601388808559,0.760094370399497,0.7619044869750295,0.15804773396535,0.17271749157947272,5.054472904106817,0.5262980316436172,0.968609607108449,159.22064399719238,ok
bs524_lr0.0005_ldos0.5_lscan0.5_pgd5_step0.001,"{'batch_size': 524, 'learning_rate': 0.0005, 'lambda_dos': 0.5, 'lambda_scan': 0.5, 'pgd_steps': 5, 'pgd_step_size': 0.001}",2,3.5245620881146906,0.8479269216205982,0.8578472985881426,0.9577786230505896,0.9427849264705882,0.018276722247993236,0.007113048149382367,0.9539274549158812,0.9452378861924067,0.16163415482535642,0.17253817053647238,5.048343590768346,0.6628048388711455,1.0999520236127158,91.37931036949158,ok
bs524_lr0.0005_ldos0.5_lscan0.5_pgd5_step0.01,"{'batch_size': 524, 'learning_rate': 0.0005, 'lambda_dos': 0.5, 'lambda_scan': 0.5, 'pgd_steps': 5, 'pgd_step_size': 0.01}",3,3.5151016202661447,0.8747633472169632,0.8763905168383307,0.9513122860403195,0.8717830882352942,0.0331935692803857,0.02743802315500729,0.9383265241748532,0.9285592538733308,0.16197119196641727,0.17254573226720132,5.093168276043071,0.651354861401384,1.0960083570001802,101.31890630722046,ok
bs524_lr0.0005_ldos0.5_lscan0.75_pgd3_step0.001,"{'batch_size': 524, 'learning_rate': 0.0005, 'lambda_dos': 0.5, 'lambda_scan': 0.75, 'pgd_steps': 3, 'pgd_step_size': 0.001}",3,3.638917849763099,0.9070901173797804,0.9100420851929586,0.9589197413465196,0.8894761029411765,0.027238320016552624,0.015551371349240927,0.9215999758024617,0.9088779464943331,0.16523461889957372,0.17252844831124947,5.073246805411404,0.6543040223767665,1.0943454065024527,84.77942848205566,ok
bs524_lr0.0005_ldos0.5_lscan0.75_pgd3_step0.01,"{'batch_size': 524, 'learning_rate': 0.0005, 'lambda_dos': 0.5, 'lambda_scan': 0.75, 'pgd_steps': 3, 'pgd_step_size': 0.01}",3,3.53347473527806,0.8800170390003786,0.8820691815954161,0.9459870673259795,0.8717830882352942,0.0337538706934375,0.024617856121895945,0.941436555998937,0.9327439649495001,0.15971563571470238,0.17254573226720132,5.099749964070399,0.6372612689785008,1.1012201933935901,84.46945405006409,ok
bs524_lr0.0005_ldos0.5_lscan0.75_pgd5_step0.001,"{'batch_size': 524, 'learning_rate': 0.0005, 'lambda_dos': 0.5, 'lambda_scan': 0.75, 'pgd_steps': 5, 'pgd_step_size': 0.001}",3,3.5365415036877734,0.8568723968193867,0.8684455867594402,0.9573982502852796,0.9119944852941176,0.030085905575852015,0.012054881313815713,0.940259086499718,0.9314956875520698,0.15886656137856833,0.17254573226720132,5.097933980515494,0.628397505103616,1.0928891664417157,99.80373239517212,ok
bs524_lr0.0005_ldos0.5_lscan0.75_pgd5_step0.01,"{'batch_size': 524, 'learning_rate': 0.0005, 'lambda_dos': 0.5, 'lambda_scan': 0.75, 'pgd_steps': 5, 'pgd_step_size': 0.01}",2,3.4537565860858037,0.8299886406664142,0.8405529359029357,0.9475085583872195,0.9200367647058824,0.022789055163436808,0.008124901132438989,0.977124684297742,0.9717245122899172,0.1538034425319267,0.17249928163558076,5.073659072178293,0.682261940697552,1.113107976748151,94.8631021976471,ok
bs524_lr0.0005_ldos0.5_lscan1.0_pgd3_step0.001,"{'batch_size': 524, 'learning_rate': 0.0005, 'lambda_dos': 0.5, 'lambda_scan': 1.0, 'pgd_steps': 3, 'pgd_step_size': 0.001}",3,3.529241129945955,0.8783604695191215,0.8802752074401465,0.9494104222137695,0.8540900735294118,0.033996055247712015,0.02120718961198102,0.9381191167034311,0.9281532489200317,0.15855220942969428,0.17252952855849646,5.097188075850464,0.649961465339885,1.0972394948628987,84.35134601593018,ok
bs524_lr0.0005_ldos0.5_lscan1.0_pgd3_step0.01,"{'batch_size': 524, 'learning_rate': 0.0005, 'lambda_dos': 0.5, 'lambda_scan': 1.0, 'pgd_steps': 3, 'pgd_step_size': 0.01}",6,3.552277155838385,0.8790230973116244,0.8831234422704205,0.9497907949790795,0.8940716911764706,0.03583045022122168,0.032394145903013205,0.9421538401709383,0.933715193175607,0.16426995810801176,0.1727272138046956,5.099091699366035,0.6737863252511127,1.1019330565554941,103.27575492858887,ok
bs524_lr0.0005_ldos0.5_lscan1.0_pgd5_step0.001,"{'batch_size': 524, 'learning_rate': 0.0005, 'lambda_dos': 0.5, 'lambda_scan': 1.0, 'pgd_steps': 5, 'pgd_step_size': 0.001}",3,3.5835865311175885,0.8942635365391897,0.897141375461522,0.9596804868771396,0.8504136029411765,0.023933272526807412,0.03710174423587673,0.8854365387149811,0.8709613326471954,0.16999094752807023,0.17249928163558076,5.048242647946674,0.647495876968775,1.0593926103382345,100.16424798965454,ok
bs524_lr0.0005_ldos0.5_lscan1.0_pgd5_step0.01,"{'batch_size': 524, 'learning_rate': 0.0005, 'lambda_dos': 0.5, 'lambda_scan': 1.0, 'pgd_steps': 5, 'pgd_step_size': 0.01}",3,3.541081402940022,0.8581029912911776,0.8701927377879741,0.9539748953974896,0.9083180147058824,0.03221393372904624,0.012464742956902175,0.9247910261700698,0.9141601573261043,0.15992088269163046,0.17252952855849646,5.09168501426968,0.6093563792306625,1.0801765323299035,100.37160158157349,ok
bs524_lr0.0005_ldos0.75_lscan0.25_pgd3_step0.001,"{'batch_size': 524, 'learning_rate': 0.0005, 'lambda_dos': 0.75, 'lambda_scan': 0.25, 'pgd_steps': 3, 'pgd_step_size': 0.001}",3,3.485502848123924,0.8698409693297994,0.8711258424546644,0.9585393685812096,0.8246783088235294,0.02803544252940846,0.0381426791770055,0.9098890153978443,0.8971548624345522,0.1658049894459844,0.17254573226720132,5.073372372016254,0.6363857259888944,1.0697374981935222,83.75063800811768,ok
bs524_lr0.0005_ldos0.75_lscan0.25_pgd3_step0.01,"{'batch_size': 524, 'learning_rate': 0.0005, 'lambda_dos': 0.75, 'lambda_scan': 0.25, 'pgd_steps': 3, 'pgd_step_size': 0.01}",19,3.6764156877196057,0.9003691783415373,0.9051437146565028,0.9577786230505896,0.9770220588235294,0.020805032342139557,0.002777417779297513,0.8793277405332532,0.8720651041870164,0.1694270584651415,0.17220653463164648,4.999603485730013,0.6311390148577881,1.0609334528530923,159.38419938087463,ok
bs524_lr0.0005_ldos0.75_lscan0.25_pgd5_step0.001,"{'batch_size': 524, 'learning_rate': 0.0005, 'lambda_dos': 0.75, 'lambda_scan': 0.25, 'pgd_steps': 5, 'pgd_step_size': 0.001}",2,3.489306097101237,0.8319291934873154,0.8477213540571616,0.9528337771015595,0.9119944852941176,0.022564736517630135,0.010608315056956866,0.9361951963565421,0.9275139055086382,0.16181995735183868,0.17203153457763412,5.065225609555557,0.6238511096645987,1.0805456211701774,91.40825867652893,ok
bs524_lr0.0005_ldos0.75_lscan0.25_pgd5_step0.01,"{'batch_size': 524, 'learning_rate': 0.0005, 'lambda_dos': 0.75, 'lambda_scan': 0.25, 'pgd_steps': 5, 'pgd_step_size': 0.01}",2,3.524148215425588,0.8528966300643696,0.8638007319259199,0.9490300494484595,0.9241727941176471,0.021177590800220407,0.012394452357993406,0.9778106412995806,0.9726508408110369,0.15984850612608215,0.17253492979473142,5.073149598858313,0.6731752682129888,1.1230080851934505,91.76694321632385,ok
bs524_lr0.0005_ldos0.75_lscan0.5_pgd3_step0.001,"{'batch_size': 524, 'learning_rate': 0.0005, 'lambda_dos': 0.75, 'lambda_scan': 0.5, 'pgd_steps': 3, 'pgd_step_size': 0.001}",3,3.6058549310042456,0.9031616811813707,0.9063769080881624,0.9265880562951693,0.8818933823529411,0.0396540579618089,0.020042157334768596,0.941327451026991,0.9328150334804736,0.15811470929466337,0.17254573226720132,5.105396481265823,0.5861488519794208,1.1107134699022407,84.23569440841675,ok
bs524_lr0.0005_ldos0.75_lscan0.5_pgd3_step0.01,"{'batch_size': 524, 'learning_rate': 0.0005, 'lambda_dos': 0.75, 'lambda_scan': 0.5, 'pgd_steps': 3, 'pgd_step_size': 0.01}",2,3.523081045407864,0.8501514577811435,0.8603814157003778,0.9543552681627996,0.92578125,0.023325744544475783,0.01085946918465197,0.9347444243038346,0.924320827860795,0.1563474247985879,0.17253492979473142,5.044205956086583,0.65936431228845,1.084690315917852,78.49342179298401,ok
bs524_lr0.0005_ldos0.75_lscan0.5_pgd5_step0.001,"{'batch_size': 524, 'learning_rate': 0.0005, 'lambda_dos': 0.75, 'lambda_scan': 0.5, 'pgd_steps': 5, 'pgd_step_size': 0.001}",4,3.486916733385944,0.848589549413101,0.8598464694715514,0.9513122860403195,0.9002757352941176,0.03465236731924998,0.02778606112662922,0.938127758681407,0.9288890085472468,0.1626852353966776,0.17249928163558076,5.099622624468088,0.6655550408334033,1.087570035654976,110.27338862419128,ok
bs524_lr0.0005_ldos0.75_lscan0.5_pgd5_step0.01,"{'batch_size': 524, 'learning_rate': 0.0005, 'lambda_dos': 0.75, 'lambda_scan': 0.5, 'pgd_steps': 5, 'pgd_step_size': 0.01}",3,3.5337633736303435,0.8706455887921242,0.8733709481461697,0.9589197413465196,0.8846507352941176,0.02696185805308769,0.03192086183630368,0.9112231207478768,0.8988662102819432,0.16351162454062484,0.17252952855849646,5.079800895070595,0.6224360382373384,1.0716033487529935,100.65128183364868,ok
bs524_lr0.0005_ldos0.75_lscan0.75_pgd3_step0.001,"{'batch_size': 524, 'learning_rate': 0.0005, 'lambda_dos': 0.75, 'lambda_scan': 0.75, 'pgd_steps': 3, 'pgd_step_size': 0.001}",2,3.513173516938248,0.8449924271109428,0.8581001393255591,0.9459870673259795,0.9172794117647058,0.023198063029404963,0.009287066264625858,0.9766115668554218,0.9713443622004981,0.15668338169240176,0.17248739891586387,5.0902000259429885,0.6720393513142576,1.119274164444176,77.98798608779907,ok
bs524_lr0.0005_ldos0.75_lscan0.75_pgd3_step0.01,"{'batch_size': 524, 'learning_rate': 0.0005, 'lambda_dos': 0.75, 'lambda_scan': 0.75, 'pgd_steps': 3, 'pgd_step_size': 0.01}",3,3.6051816595240553,0.8866906474820144,0.8936170601594359,0.9478889311525295,0.9028033088235294,0.03402921207144307,0.015448032001800397,0.7207820125870409,0.7523177524216914,0.15750436960011407,0.17254573226720132,5.1006798785247245,0.44550481359072835,0.9484550215152481,84.36500215530396,ok
bs524_lr0.0005_ldos0.75_lscan0.75_pgd5_step0.001,"{'batch_size': 524, 'learning_rate': 0.0005, 'lambda_dos': 0.75, 'lambda_scan': 0.75, 'pgd_steps': 5, 'pgd_step_size': 0.001}",3,3.559687840896556,0.853085952290799,0.8630916292878482,0.9596804868771396,0.9790900735294118,0.027999024918978092,0.002164669526631341,0.8914599973641967,0.8771325486568556,0.17102582439068653,0.1725478927616953,5.048858890812255,0.6310249610333912,1.0492397898534163,100.1002562046051,ok
bs524_lr0.0005_ldos0.75_lscan0.75_pgd5_step0.01,"{'batch_size': 524, 'learning_rate': 0.0005, 'lambda_dos': 0.75, 'lambda_scan': 0.75, 'pgd_steps': 5, 'pgd_step_size': 0.01}",2,3.528773886309525,0.8510507383566831,0.8607301918542422,0.9596804868771396,0.9427849264705882,0.01332529818163756,0.007390903897912186,0.8736143128439238,0.8586399912473347,0.16724711952071591,0.17253817053647238,5.04138752894724,0.6551621494744092,1.0337604755190295,93.86819052696228,ok
bs524_lr0.0005_ldos0.75_lscan1.0_pgd3_step0.001,"{'batch_size': 524, 'learning_rate': 0.0005, 'lambda_dos': 0.75, 'lambda_scan': 1.0, 'pgd_steps': 3, 'pgd_step_size': 0.001}",8,3.556180986657276,0.8812476334721696,0.8854860424872903,0.9494104222137695,0.8963694852941176,0.024752037465776405,0.03012092611478532,0.8931981151846035,0.8783113358904981,0.15973724065964218,0.17248631866861688,5.050003428980018,0.6274517097600055,1.0604618376925221,116.66113710403442,ok
bs524_lr0.0005_ldos0.75_lscan1.0_pgd3_step0.01,"{'batch_size': 524, 'learning_rate': 0.0005, 'lambda_dos': 0.75, 'lambda_scan': 1.0, 'pgd_steps': 3, 'pgd_step_size': 0.01}",3,3.612431505016628,0.8921336614918591,0.8971745483475441,0.9554963864587296,0.9161305147058824,0.030004517711945566,0.01845945352140595,0.8999410185003144,0.8866502123305967,0.1636995875616011,0.17254573226720132,5.078624100493884,0.5830815521414108,1.0711690536832732,84.21180939674377,ok
bs524_lr0.0005_ldos0.75_lscan1.0_pgd5_step0.001,"{'batch_size': 524, 'learning_rate': 0.0005, 'lambda_dos': 0.75, 'lambda_scan': 1.0, 'pgd_steps': 5, 'pgd_step_size': 0.001}",5,3.5367259060767267,0.8756626277925028,0.8803450347421394,0.9585393685812096,0.8635110294117647,0.0320578797682468,0.05195419189027127,0.8767329866459835,0.8616040534592865,0.17188462095204352,0.17249928163558076,5.056163004414381,0.6602079663947346,1.0450234552303668,117.6834728717804,ok
bs524_lr0.0005_ldos0.75_lscan1.0_pgd5_step0.01,"{'batch_size': 524, 'learning_rate': 0.0005, 'lambda_dos': 0.75, 'lambda_scan': 1.0, 'pgd_steps': 5, 'pgd_step_size': 0.01}",2,3.5307230307806985,0.853511927300265,0.8640844477448874,0.9589197413465196,0.9087775735294118,0.017055372960125825,0.010639589731855428,0.8630332910596578,0.8488357115010222,0.1661776747461959,0.17249928163558076,5.024067574235389,0.6168155160406884,1.0268471180774388,92.46194124221802,ok
bs524_lr0.0005_ldos1.0_lscan0.25_pgd3_step0.001,"{'batch_size': 524, 'learning_rate': 0.0005, 'lambda_dos': 1.0, 'lambda_scan': 0.25, 'pgd_steps': 3, 'pgd_step_size': 0.001}",2,3.502693722087278,0.8535592578568724,0.8643348649375526,0.9376188664891594,0.8839613970588235,0.03065033675872495,0.013472891138756977,0.9823325562754803,0.9782105181092366,0.15827998712345281,0.17197860246253163,5.088435281787836,0.6673731949515318,1.1273838504961473,77.99838757514954,ok
bs524_lr0.0005_ldos1.0_lscan0.25_pgd3_step0.01,"{'batch_size': 524, 'learning_rate': 0.0005, 'lambda_dos': 1.0, 'lambda_scan': 0.25, 'pgd_steps': 3, 'pgd_step_size': 0.01}",20,3.6846471220672963,0.9070427868231731,0.9109185981193724,0.9577786230505896,0.9574908088235294,0.028870406487270107,0.01285203332629274,0.7978987030551553,0.8030159074792177,0.1539114672566257,0.1727272138046956,5.086417024492203,0.5319214822247184,1.0044698416446645,161.45899891853333,ok
bs524_lr0.0005_ldos1.0_lscan0.25_pgd5_step0.001,"{'batch_size': 524, 'learning_rate': 0.0005, 'lambda_dos': 1.0, 'lambda_scan': 0.25, 'pgd_steps': 5, 'pgd_step_size': 0.001}",3,3.5186336889758554,0.8744320333207118,0.8761089063632448,0.9513122860403195,0.8740808823529411,0.03401517861240397,0.028064939316690844,0.9448004459260636,0.9364358703198299,0.16029572848633594,0.17252952855849646,5.103172102260349,0.6497017625809186,1.1017662568745252,100.41484141349792,ok
bs524_lr0.0005_ldos1.0_lscan0.25_pgd5_step0.01,"{'batch_size': 524, 'learning_rate': 0.0005, 'lambda_dos': 1.0, 'lambda_scan': 0.25, 'pgd_steps': 5, 'pgd_step_size': 0.01}",3,3.5348940255079393,0.8755206361226808,0.8772138564001013,0.9570178775199696,0.8795955882352942,0.028311268339686724,0.02145242804716177,0.9288797619999265,0.9178647304847113,0.16279326012137657,0.17252952855849646,5.083479642638005,0.6503435876184931,1.08814319234689,100.61012172698975,ok
bs524_lr0.0005_ldos1.0_lscan0.5_pgd3_step0.001,"{'batch_size': 524, 'learning_rate': 0.0005, 'lambda_dos': 1.0, 'lambda_scan': 0.5, 'pgd_steps': 3, 'pgd_step_size': 0.001}",6,3.5778396455081727,0.8750946611132147,0.8770094528478412,0.9634842145302396,0.9397977941176471,0.016932476253825116,0.015327401664655875,0.635283683729532,0.6384222483113297,0.19111302194846355,0.1727272138046956,4.968848327595367,0.5389752801118753,0.8602170520667356,103.81551218032837,ok
bs524_lr0.0005_ldos1.0_lscan0.5_pgd3_step0.01,"{'batch_size': 524, 'learning_rate': 0.0005, 'lambda_dos': 1.0, 'lambda_scan': 0.5, 'pgd_steps': 3, 'pgd_step_size': 0.01}",2,3.487325788990062,0.8512400605831124,0.8622768685737028,0.9349562571319894,0.8798253676470589,0.029340539222527204,0.017399976851747316,0.9258561499556018,0.9141269510231084,0.15864078970394743,0.17248631866861688,5.059239685090447,0.6259556942055602,1.0775237063295977,78.63658690452576,ok
bs524_lr0.0005_ldos1.0_lscan0.5_pgd5_step0.001,"{'batch_size': 524, 'learning_rate': 0.0005, 'lambda_dos': 1.0, 'lambda_scan': 0.5, 'pgd_steps': 5, 'pgd_step_size': 0.001}",3,3.592491867753002,0.8910923892464976,0.8962996129763722,0.9273488018257893,0.8846507352941176,0.039106790762792845,0.018842448946088552,0.9423796118455592,0.9336379804054542,0.15786193143886773,0.17252952855849646,5.104408401929543,0.6089570608769512,1.1070112742009688,100.76974296569824,ok
bs524_lr0.0005_ldos1.0_lscan0.5_pgd5_step0.01,"{'batch_size': 524, 'learning_rate': 0.0005, 'lambda_dos': 1.0, 'lambda_scan': 0.5, 'pgd_steps': 5, 'pgd_step_size': 0.01}",3,3.539024555625076,0.8539379023097312,0.8646649183587821,0.9615823507036896,0.9271599264705882,0.01930192135594652,0.010150015600683057,0.8763300544228563,0.8614402942938618,0.17279526938125597,0.17252952855849646,5.0486486438314415,0.620682515777696,1.0373397276074905,100.63869214057922,ok
bs524_lr0.0005_ldos1.0_lscan0.75_pgd3_step0.001,"{'batch_size': 524, 'learning_rate': 0.0005, 'lambda_dos': 1.0, 'lambda_scan': 0.75, 'pgd_steps': 3, 'pgd_step_size': 0.001}",2,3.5000568329432435,0.8480689132904203,0.8590297237533532,0.9585393685812096,0.8991268382352942,0.02004931837082272,0.020643421270720223,0.9505408797965679,0.941912049231029,0.1635926430841491,0.17248847916311086,5.051609639109977,0.6927049337306931,1.0975380159632395,77.53070402145386,ok
bs524_lr0.0005_ldos1.0_lscan0.75_pgd3_step0.01,"{'batch_size': 524, 'learning_rate': 0.0005, 'lambda_dos': 1.0, 'lambda_scan': 0.75, 'pgd_steps': 3, 'pgd_step_size': 0.01}",3,3.5052378155937105,0.8727754638394547,0.8743154384378714,0.9406618486116394,0.8738511029411765,0.0365866738700649,0.026284525965285653,0.9350512145219798,0.9241711856303579,0.1536338437141493,0.17252952855849646,5.101206076622073,0.6618333024173657,1.0920191376272381,83.79592871665955,ok
bs524_lr0.0005_ldos1.0_lscan0.75_pgd5_step0.001,"{'batch_size': 524, 'learning_rate': 0.0005, 'lambda_dos': 1.0, 'lambda_scan': 0.75, 'pgd_steps': 5, 'pgd_step_size': 0.001}",2,3.50871072799506,0.8522340022718667,0.8627936136705259,0.9547356409281096,0.8894761029411765,0.01801743207888351,0.013224907780942671,0.9440064641995259,0.9350725551743174,0.16329557509122689,0.17248631866861688,5.043758107891611,0.6733779385729544,1.093743740035495,91.54382967948914,ok
bs524_lr0.0005_ldos1.0_lscan0.75_pgd5_step0.01,"{'batch_size': 524, 'learning_rate': 0.0005, 'lambda_dos': 1.0, 'lambda_scan': 0.75, 'pgd_steps': 5, 'pgd_step_size': 0.01}",3,3.5225239808179563,0.8448031048845135,0.8601009296746174,0.9490300494484595,0.9230238970588235,0.030574322449657663,0.008586063953664373,0.8346994860183599,0.8387235341722362,0.16237196369505053,0.17254573226720132,5.097323998516595,0.5420416194806649,1.0107524198034523,100.00199747085571,ok
bs524_lr0.0005_ldos1.0_lscan1.0_pgd3_step0.001,"{'batch_size': 524, 'learning_rate': 0.0005, 'lambda_dos': 1.0, 'lambda_scan': 1.0, 'pgd_steps': 3, 'pgd_step_size': 0.001}",2,3.5055309198122515,0.8257288905717531,0.8419544938083817,0.9589197413465196,0.9496783088235294,0.016430193104187134,0.003280567388762446,0.8693635399270185,0.8549843247340504,0.16603076112060527,0.1725478927616953,5.02785786369361,0.6293698006807671,1.0218379012211578,78.22185730934143,ok
bs524_lr0.0005_ldos1.0_lscan1.0_pgd3_step0.01,"{'batch_size': 524, 'learning_rate': 0.0005, 'lambda_dos': 1.0, 'lambda_scan': 1.0, 'pgd_steps': 3, 'pgd_step_size': 0.01}",3,3.471462735203914,0.8448504354411208,0.8538615601663412,0.9589197413465196,0.8818933823529411,0.028976934361521305,0.01976888540529591,0.9310715836640691,0.9202508800253725,0.16367042088593237,0.17252952855849646,5.082976513134489,0.6639840113690086,1.0791893142333995,84.36348342895508,ok
bs524_lr0.0005_ldos1.0_lscan1.0_pgd5_step0.001,"{'batch_size': 524, 'learning_rate': 0.0005, 'lambda_dos': 1.0, 'lambda_scan': 1.0, 'pgd_steps': 5, 'pgd_step_size': 0.001}",3,3.55549172958971,0.8555471412343809,0.8671587755999485,0.9509319132750095,0.9494485294117647,0.03379659001570593,0.0070361550007125035,0.9291347003502162,0.9182094403440463,0.1585144007760496,0.17252844831124947,5.096339510674131,0.6421313504365467,1.0823863136439538,101.04207181930542,ok
bs524_lr0.0005_ldos1.0_lscan1.0_pgd5_step0.01,"{'batch_size': 524, 'learning_rate': 0.0005, 'lambda_dos': 1.0, 'lambda_scan': 1.0, 'pgd_steps': 5, 'pgd_step_size': 0.01}",2,3.507059702998024,0.852139341158652,0.8627910690448005,0.9532141498668696,0.8855698529411765,0.02308244961847049,0.012325952322605778,0.9335421091179349,0.9240396281906263,0.16386378514314356,0.17248631866861688,5.046082690317974,0.6792518012432072,1.0850685288713842,92.11609125137329,ok
bs524_lr0.0001_ldos0.25_lscan0.25_pgd3_step0.001,"{'batch_size': 524, 'learning_rate': 0.0001, 'lambda_dos': 0.25, 'lambda_scan': 0.25, 'pgd_steps': 3, 'pgd_step_size': 0.001}",18,3.63828196134278,0.892938280954184,0.8987202436228535,0.9562571319893496,0.9409466911764706,0.0262621284868836,0.010966716060305344,0.7319809357965851,0.7551530619453,0.16162983383636848,0.17274341751340047,5.0891403727659945,0.4465544735348677,0.955502516627033,160.16375970840454,ok
bs524_lr0.0001_ldos0.25_lscan0.25_pgd3_step0.01,"{'batch_size': 524, 'learning_rate': 0.0001, 'lambda_dos': 0.25, 'lambda_scan': 0.25, 'pgd_steps': 3, 'pgd_step_size': 0.01}",15,3.6212694399719796,0.8945001893222264,0.899323134264043,0.9608216051730696,0.9083180147058824,0.024894424244767135,0.014496617827235776,0.9212240497605092,0.911960625447035,0.1629833836368468,0.1725154853442856,5.0461704966379735,0.6451128387718922,1.0911121923689242,160.76779675483704,ok
bs524_lr0.0001_ldos0.25_lscan0.25_pgd5_step0.001,"{'batch_size': 524, 'learning_rate': 0.0001, 'lambda_dos': 0.25, 'lambda_scan': 0.25, 'pgd_steps': 5, 'pgd_step_size': 0.001}",16,3.6449127848344998,0.8953048087845513,0.9007758707761019,0.9577786230505896,0.9393382352941176,0.02495382973883895,0.01070055681938196,0.9236319208740497,0.9114091348063281,0.16269711811639448,0.1727380162771655,5.078883003203442,0.5965057106245659,1.0920102795775097,202.1115550994873,ok
bs524_lr0.0001_ldos0.25_lscan0.25_pgd5_step0.01,"{'batch_size': 524, 'learning_rate': 0.0001, 'lambda_dos': 0.25, 'lambda_scan': 0.25, 'pgd_steps': 5, 'pgd_step_size': 0.01}",8,3.528960349335557,0.845702385460053,0.8566933587396176,0.9581589958158996,0.9319852941176471,0.022642479259371986,0.008673075600253308,0.8750434799516913,0.8607102243942095,0.17008276854406437,0.17249928163558076,5.032089752344696,0.6241428473870211,1.0333473050225463,143.10258841514587,ok
bs524_lr0.0001_ldos0.25_lscan0.5_pgd3_step0.001,"{'batch_size': 524, 'learning_rate': 0.0001, 'lambda_dos': 0.25, 'lambda_scan': 0.5, 'pgd_steps': 3, 'pgd_step_size': 0.001}",20,3.579156118230653,0.8708822415751609,0.8795058235371465,0.9615823507036896,0.9299172794117647,0.02343805600772479,0.014949684743495548,0.607400341790229,0.6570777393791316,0.16677505147378133,0.17277366443631617,5.079069160115022,0.35032581670156454,0.860836585249096,160.6606216430664,ok
bs524_lr0.0001_ldos0.25_lscan0.5_pgd3_step0.01,"{'batch_size': 524, 'learning_rate': 0.0001, 'lambda_dos': 0.25, 'lambda_scan': 0.5, 'pgd_steps': 3, 'pgd_step_size': 0.01}",18,3.5701542651980795,0.8866906474820144,0.8925463029662829,0.9562571319893496,0.8607536764705882,0.028139825112559396,0.029534817686961853,0.749084490458176,0.7703025432954206,0.1628235070442923,0.17254573226720132,5.092724839202001,0.4631360104706209,0.9657240088748227,161.33450984954834,ok
bs524_lr0.0001_ldos0.25_lscan0.5_pgd5_step0.001,"{'batch_size': 524, 'learning_rate': 0.0001, 'lambda_dos': 0.25, 'lambda_scan': 0.5, 'pgd_steps': 5, 'pgd_step_size': 0.001}",15,3.608219766498917,0.8891991669822037,0.895083096143528,0.9608216051730696,0.8965992647058824,0.021634677101242627,0.019300006932633763,0.8909717256085573,0.8771253278302501,0.1664552982886723,0.17254249152546033,5.067437477695189,0.6278033712209331,1.0627106342228385,200.35700821876526,ok
bs524_lr0.0001_ldos0.25_lscan0.5_pgd5_step0.01,"{'batch_size': 524, 'learning_rate': 0.0001, 'lambda_dos': 0.25, 'lambda_scan': 0.5, 'pgd_steps': 5, 'pgd_step_size': 0.01}",20,3.603529721335232,0.8873532752745172,0.8912487043019509,0.9623430962343096,0.9204963235294118,0.01637268428024388,0.019918061135446325,0.9016229634638776,0.886301459887962,0.16258261190821355,0.17277366443631617,5.079921006433296,0.5445210028860301,1.0693580148984378,204.39168000221252,ok
bs524_lr0.0001_ldos0.25_lscan0.75_pgd3_step0.001,"{'batch_size': 524, 'learning_rate': 0.0001, 'lambda_dos': 0.25, 'lambda_scan': 0.75, 'pgd_steps': 3, 'pgd_step_size': 0.001}",19,3.5986395244134135,0.8962987504733055,0.8998593654600029,0.9596804868771396,0.8979779411764706,0.02487921478994086,0.03783639219096478,0.9282456568659435,0.9166286799736812,0.16100221018586733,0.17254573226720132,5.095351227443603,0.6121238183317641,1.0960196602332852,164.26028895378113,ok
bs524_lr0.0001_ldos0.25_lscan0.75_pgd3_step0.01,"{'batch_size': 524, 'learning_rate': 0.0001, 'lambda_dos': 0.25, 'lambda_scan': 0.75, 'pgd_steps': 3, 'pgd_step_size': 0.01}",15,3.5783420925882092,0.8876372586141613,0.8937098486941322,0.9577786230505896,0.8717830882352942,0.02913845177157472,0.026892967891934162,0.9182047587051725,0.909548113914063,0.16267875391319564,0.17254573226720132,5.096985669769668,0.5765470522949252,1.0865049060302419,164.41428208351135,ok
bs524_lr0.0001_ldos0.25_lscan0.75_pgd5_step0.001,"{'batch_size': 524, 'learning_rate': 0.0001, 'lambda_dos': 0.25, 'lambda_scan': 0.75, 'pgd_steps': 5, 'pgd_step_size': 0.001}",13,3.605136671405161,0.8911870503597122,0.8968818438487149,0.9612019779383796,0.8823529411764706,0.022011756828956706,0.018234137185465765,0.7064752180479068,0.7199683656526815,0.16545390909071267,0.17254573226720132,5.061965915487274,0.4943321890601021,0.9295405270823982,190.74267172813416,ok
bs524_lr0.0001_ldos0.25_lscan0.75_pgd5_step0.01,"{'batch_size': 524, 'learning_rate': 0.0001, 'lambda_dos': 0.25, 'lambda_scan': 0.75, 'pgd_steps': 5, 'pgd_step_size': 0.01}",14,3.538208606361408,0.8803010223400227,0.8860303200967438,0.9593001141118296,0.8359375,0.026872955968326468,0.04961089137941599,0.9079704962871902,0.896317641730881,0.1650164089556818,0.17252952855849646,5.078691450161587,0.6342192483279269,1.073816238238951,199.78822469711304,ok
bs524_lr0.0001_ldos0.25_lscan1.0_pgd3_step0.001,"{'batch_size': 524, 'learning_rate': 0.0001, 'lambda_dos': 0.25, 'lambda_scan': 1.0, 'pgd_steps': 3, 'pgd_step_size': 0.001}",14,3.5683243639708935,0.8833301779628928,0.8894209160774084,0.9596804868771396,0.8816636029411765,0.0249467535747145,0.03035235610407065,0.8942556772394066,0.8826100601861455,0.16480576074251874,0.17249928163558076,5.076255780999062,0.6212403797759142,1.0641319520729549,159.07254457473755,ok
bs524_lr0.0001_ldos0.25_lscan1.0_pgd3_step0.01,"{'batch_size': 524, 'learning_rate': 0.0001, 'lambda_dos': 0.25, 'lambda_scan': 1.0, 'pgd_steps': 3, 'pgd_step_size': 0.01}",17,3.599831466728749,0.8818629307080651,0.8895381130833989,0.9593001141118296,0.9136029411764706,0.027263958459119917,0.016046092092223904,0.7325480656012548,0.759687986645714,0.16248863039772543,0.17277366443631617,5.091424283916308,0.44287765847970006,0.9538886217615262,164.02646899223328,ok
bs524_lr0.0001_ldos0.25_lscan1.0_pgd5_step0.001,"{'batch_size': 524, 'learning_rate': 0.0001, 'lambda_dos': 0.25, 'lambda_scan': 1.0, 'pgd_steps': 5, 'pgd_step_size': 0.001}",20,3.6151037892343547,0.8889151836425596,0.89503293648849,0.9596804868771396,0.9276194852941176,0.023429615466301772,0.01637719079906888,0.7391634997418209,0.7627432571643508,0.15916362937149053,0.17254573226720132,5.0966936038223025,0.4373461388894555,0.9599103025309317,206.52763772010803,ok
bs524_lr0.0001_ldos0.25_lscan1.0_pgd5_step0.01,"{'batch_size': 524, 'learning_rate': 0.0001, 'lambda_dos': 0.25, 'lambda_scan': 1.0, 'pgd_steps': 5, 'pgd_step_size': 0.01}",16,3.6120984445141864,0.8874479363877319,0.8946844931904195,0.9570178775199696,0.9163602941176471,0.031256019570338675,0.014021212276180877,0.9154576899560771,0.9062335488461061,0.16123230284947618,0.17277366443631617,5.096576354852205,0.5818676231598743,1.0841805673255065,208.40783381462097,ok
bs524_lr0.0001_ldos0.5_lscan0.25_pgd3_step0.001,"{'batch_size': 524, 'learning_rate': 0.0001, 'lambda_dos': 0.5, 'lambda_scan': 0.25, 'pgd_steps': 3, 'pgd_step_size': 0.001}",19,3.591678378641134,0.8882525558500568,0.8930439407138425,0.9615823507036896,0.8995863970588235,0.02299835983225945,0.029221734799006405,0.7587818699944043,0.7605251135388689,0.1646296804412594,0.17253817053647238,5.0566396448983335,0.5131618956582592,0.9641564170805357,162.30093121528625,ok
bs524_lr0.0001_ldos0.5_lscan0.25_pgd3_step0.01,"{'batch_size': 524, 'learning_rate': 0.0001, 'lambda_dos': 0.5, 'lambda_scan': 0.25, 'pgd_steps': 3, 'pgd_step_size': 0.01}",20,3.6041658949004085,0.8870219613782658,0.8922830481285549,0.9608216051730696,0.9232536764705882,0.025978139436213223,0.01720463384545463,0.7193625677044962,0.7191846019980678,0.16475066813292227,0.1727272138046956,5.037478354885944,0.4615720229189434,0.9312620732117469,165.96371960639954,ok
bs524_lr0.0001_ldos0.5_lscan0.25_pgd5_step0.001,"{'batch_size': 524, 'learning_rate': 0.0001, 'lambda_dos': 0.5, 'lambda_scan': 0.25, 'pgd_steps': 5, 'pgd_step_size': 0.001}",13,3.568873818108022,0.857061719045816,0.8681980953351719,0.9604412324077596,0.96875,0.021118545087855684,0.0029964715461520586,0.8724238803777409,0.8580638119336793,0.1685401754753628,0.17249928163558076,5.041285214899117,0.6258992222570425,1.0358110329563595,187.9887342453003,ok
bs524_lr0.0001_ldos0.5_lscan0.25_pgd5_step0.01,"{'batch_size': 524, 'learning_rate': 0.0001, 'lambda_dos': 0.5, 'lambda_scan': 0.25, 'pgd_steps': 5, 'pgd_step_size': 0.01}",13,3.6296810212461423,0.8926069670579326,0.8964724363364361,0.9596804868771396,0.9216452205882353,0.02351098337886269,0.009936220943927765,0.8841499642438161,0.869700238625445,0.16677397122653434,0.17254573226720132,5.05072079999414,0.639529212888675,1.0579109892647411,187.92134356498718,ok
bs524_lr0.0001_ldos0.5_lscan0.5_pgd3_step0.001,"{'batch_size': 524, 'learning_rate': 0.0001, 'lambda_dos': 0.5, 'lambda_scan': 0.5, 'pgd_steps': 3, 'pgd_step_size': 0.001}",20,3.6022144310837834,0.8881578947368421,0.8922626502368174,0.9535945226321796,0.9347426470588235,0.020763507379964987,0.01514335973736118,0.7332880349654429,0.7510490188914377,0.16250483410643027,0.1727272138046956,5.080081193521756,0.4382623780086559,0.9515950289300837,166.15045428276062,ok
bs524_lr0.0001_ldos0.5_lscan0.5_pgd3_step0.01,"{'batch_size': 524, 'learning_rate': 0.0001, 'lambda_dos': 0.5, 'lambda_scan': 0.5, 'pgd_steps': 3, 'pgd_step_size': 0.01}",17,3.622338199989981,0.890477092010602,0.8956953954762586,0.9577786230505896,0.9324448529411765,0.024588378335460143,0.010706661282764637,0.73006997841666,0.7420096515446097,0.16427535934424672,0.1727272138046956,5.064203231321131,0.45649194897950485,0.9472603167946749,162.7933886051178,ok
bs524_lr0.0001_ldos0.5_lscan0.5_pgd5_step0.001,"{'batch_size': 524, 'learning_rate': 0.0001, 'lambda_dos': 0.5, 'lambda_scan': 0.5, 'pgd_steps': 5, 'pgd_step_size': 0.001}",20,3.631777919627023,0.8945475198788337,0.8996990245279938,0.9494104222137695,0.9358915441176471,0.03124219385468493,0.016693555667777273,0.9377766783261353,0.9285632360415703,0.16051609892472188,0.17274341751340047,5.101136936799187,0.5830720433623632,1.1044639303999912,211.25115513801575,ok
bs524_lr0.0001_ldos0.5_lscan0.5_pgd5_step0.01,"{'batch_size': 524, 'learning_rate': 0.0001, 'lambda_dos': 0.5, 'lambda_scan': 0.5, 'pgd_steps': 5, 'pgd_step_size': 0.01}",20,3.651607833246906,0.8937902309731163,0.8984554219996559,0.9596804868771396,0.9588694852941176,0.025141286856777183,0.00789243632735794,0.7382398883456446,0.752347336117584,0.16712721207630002,0.17269912737627388,5.064803445527394,0.43315742452127465,0.9560947651570398,210.10410046577454,ok
bs524_lr0.0001_ldos0.5_lscan0.75_pgd3_step0.001,"{'batch_size': 524, 'learning_rate': 0.0001, 'lambda_dos': 0.5, 'lambda_scan': 0.75, 'pgd_steps': 3, 'pgd_step_size': 0.001}",15,3.592685753573757,0.8900037864445286,0.8956656708240547,0.9593001141118296,0.8926930147058824,0.028499902553003338,0.02566961693467901,0.8183099747870293,0.8218705578861577,0.162106222872291,0.17251764583877957,5.090065471338988,0.5293554551517855,1.0135621628329043,167.6481010913849,ok
bs524_lr0.0001_ldos0.5_lscan0.75_pgd3_step0.01,"{'batch_size': 524, 'learning_rate': 0.0001, 'lambda_dos': 0.5, 'lambda_scan': 0.75, 'pgd_steps': 3, 'pgd_step_size': 0.01}",16,3.5859972465639145,0.8863120030291556,0.8913619866087664,0.9334347660707494,0.9156709558823529,0.035371254858928926,0.016976975863251614,0.7796576480424839,0.7961577918882367,0.1580131660534463,0.17277366443631617,5.103995744968519,0.46503954111637213,0.9875109882844479,163.75934028625488,ok
